{
  "version": 1,
  "training_windows": 20395,
  "latent_dim": 8,
  "reconstruction": {
    "median": 0.06031307578086853,
    "q95": 0.31916600465774536,
    "q995": 0.8994271159172058
  },
  "latent_distance": {
    "median": 0.6320842504501343,
    "q95": 2.084197998046875,
    "q995": 3.5580685138702393
  },
  "isolation_forest": {
    "median": -0.11375310199882022,
    "q95": 0.07687842575577902,
    "q995": 0.16644897390389093
  },
  "anomaly_threshold": 0.65,
  "ewma_k": 3.0,
  "feature_reference": {
    "mean_v": {
      "q01": 13.720041275024414,
      "q50": 17.198598861694336,
      "q99": 42.873355865478516
    },
    "median_v": {
      "q01": 14.344922065734863,
      "q50": 17.302568435668945,
      "q99": 43.214012145996094
    },
    "rms_v": {
      "q01": 14.241539001464844,
      "q50": 17.241302490234375,
      "q99": 42.9952278137207
    },
    "variance_v": {
      "q01": 0.08018028736114502,
      "q50": 0.6560953855514526,
      "q99": 32.45506286621094
    },
    "std_v": {
      "q01": 0.2831612527370453,
      "q50": 0.8099971413612366,
      "q99": 5.696934223175049
    },
    "min_v": {
      "q01": 0.3089039921760559,
      "q50": 15.274164199829102,
      "q99": 35.527488708496094
    },
    "max_v": {
      "q01": 16.038616180419922,
      "q50": 19.225807189941406,
      "q99": 47.48421096801758
    },
    "peak_to_peak_v": {
      "q01": 1.2683500051498413,
      "q50": 3.932523012161255,
      "q99": 19.589704513549805
    },
    "energy": {
      "q01": 202.82144165039062,
      "q50": 297.2625427246094,
      "q99": 1848.589599609375
    },
    "crest_factor": {
      "q01": 1.0348455905914307,
      "q50": 1.1105740070343018,
      "q99": 1.3058255910873413
    },
    "skewness": {
      "q01": -4.676239013671875,
      "q50": 0.06864946335554123,
      "q99": 2.164684534072876
    },
    "kurtosis": {
      "q01": -1.3553320169448853,
      "q50": 0.4978679418563843,
      "q99": 25.822978973388672
    },
    "drift_v": {
      "q01": -8.172685623168945,
      "q50": -0.022905124351382256,
      "q99": 8.551689147949219
    },
    "slope_v_per_s": {
      "q01": -126.10791015625,
      "q50": -0.3502535820007324,
      "q99": 133.33575439453125
    },
    "arc_stability_index": {
      "q01": 20.325695037841797,
      "q50": 80.77445983886719,
      "q99": 93.96640014648438
    },
    "ripple": {
      "q01": 0.18314997851848602,
      "q50": 0.7094590663909912,
      "q99": 2.8927412033081055
    },
    "consistency": {
      "q01": 38.63658905029297,
      "q50": 81.50789642333984,
      "q99": 92.68498229980469
    },
    "noise_index": {
      "q01": 0.06113782897591591,
      "q50": 0.4110538065433502,
      "q99": 1.4268794059753418
    },
    "short_circuit_count": {
      "q01": 0.0,
      "q50": 0.0,
      "q99": 2.0
    },
    "short_circuit_density": {
      "q01": 0.0,
      "q50": 0.0,
      "q99": 23.4375
    },
    "avg_short_duration_ms": {
      "q01": 0.0,
      "q50": 0.0,
      "q99": 8.0
    },
    "short_circuit_ratio": {
      "q01": 0.0,
      "q50": 0.0,
      "q99": 0.140625
    },
    "dominant_frequency_hz": {
      "q01": 11.71875,
      "q50": 35.15625,
      "q99": 328.125
    },
    "spectral_entropy": {
      "q01": 0.093407541513443,
      "q50": 0.7270041108131409,
      "q99": 0.9334325790405273
    },
    "spectral_centroid_hz": {
      "q01": 13.459576606750488,
      "q50": 93.32855224609375,
      "q99": 208.63771057128906
    },
    "spectral_bandwidth_hz": {
      "q01": 13.119474411010742,
      "q50": 95.80776977539062,
      "q99": 133.33273315429688
    },
    "low_frequency_ratio": {
      "q01": 0.07531946897506714,
      "q50": 0.5711856484413147,
      "q99": 0.995787501335144
    },
    "high_frequency_ratio": {
      "q01": 0.0022111041471362114,
      "q50": 0.2273099571466446,
      "q99": 0.6982374787330627
    },
    "voltage_drop_density": {
      "q01": 0.0,
      "q50": 0.01587301678955555,
      "q99": 0.1111111119389534
    },
    "spike_density": {
      "q01": 0.0,
      "q50": 0.01587301678955555,
      "q99": 0.1746031790971756
    }
  }
}