{
  "version": 2,
  "feature_count": 15,
  "feature_names": [
    "mean_v",
    "rms_v",
    "variance_v",
    "std_v",
    "ripple",
    "energy",
    "crest_factor",
    "spectral_entropy",
    "spectral_centroid_hz",
    "arc_stability_index",
    "short_circuit_ratio",
    "short_circuit_density",
    "spike_density",
    "mean_abs_delta_v",
    "p95_abs_delta_v"
  ],
  "material": "unknown",
  "thickness_mm": 0.0,
  "training_windows": 12000,
  "latent_dim": 8,
  "reconstruction": {
    "median": 0.03401771932840347,
    "q95": 0.27925777435302734,
    "q995": 0.9264217615127563
  },
  "latent_distance": {
    "median": 0.6445977687835693,
    "q95": 1.897572636604309,
    "q995": 4.216585636138916
  },
  "isolation_forest": {
    "median": -0.110693363373143,
    "q95": 0.09128504937701797,
    "q995": 0.2156702150162731
  },
  "anomaly_threshold": 0.343421187464826,
  "score_bands": {
    "normal": 0.2574061275304218,
    "watch": 0.343421187464826,
    "warning": 0.5461051826981461
  },
  "fusion_weights": {
    "vae": 0.1,
    "isolation_forest": 0.0,
    "ewma": 0.0,
    "physics": 0.9
  },
  "ewma_k": 3.0,
  "feature_reference": {
    "mean_v": {
      "q01": 13.617426872253418,
      "q50": 17.214683532714844,
      "q99": 42.61979675292969
    },
    "rms_v": {
      "q01": 14.15956974029541,
      "q50": 17.257991790771484,
      "q99": 42.891239166259766
    },
    "variance_v": {
      "q01": 0.07887954264879227,
      "q50": 0.6568129062652588,
      "q99": 31.475570678710938
    },
    "std_v": {
      "q01": 0.2808550298213959,
      "q50": 0.810439944267273,
      "q99": 5.610309600830078
    },
    "ripple": {
      "q01": 0.18021664023399353,
      "q50": 0.7076646089553833,
      "q99": 2.838879108428955
    },
    "energy": {
      "q01": 200.49342346191406,
      "q50": 297.8382568359375,
      "q99": 1839.658447265625
    },
    "crest_factor": {
      "q01": 1.0341072082519531,
      "q50": 1.1102885007858276,
      "q99": 1.3088080883026123
    },
    "spectral_entropy": {
      "q01": 0.09324713051319122,
      "q50": 0.7271285057067871,
      "q99": 0.933073878288269
    },
    "spectral_centroid_hz": {
      "q01": 13.460444450378418,
      "q50": 93.13813018798828,
      "q99": 208.6343994140625
    },
    "arc_stability_index": {
      "q01": 20.440336227416992,
      "q50": 80.7503890991211,
      "q99": 93.98121643066406
    },
    "short_circuit_ratio": {
      "q01": 0.0,
      "q50": 0.0,
      "q99": 0.140625
    },
    "short_circuit_density": {
      "q01": 0.0,
      "q50": 0.0,
      "q99": 23.4375
    },
    "spike_density": {
      "q01": 0.0,
      "q50": 0.0476190485060215,
      "q99": 0.2698412835597992
    },
    "mean_abs_delta_v": {
      "q01": 0.14345549046993256,
      "q50": 0.466715931892395,
      "q99": 1.461549997329712
    },
    "p95_abs_delta_v": {
      "q01": 0.28839704394340515,
      "q50": 1.3919987678527832,
      "q99": 6.420465469360352
    }
  },
  "feature_importance": [
    {
      "feature": "spike_density",
      "importance": 0.2885963910049403,
      "forest_permutation": 0.007398626802186612,
      "vae_reconstruction": 0.36293476819992065
    },
    {
      "feature": "crest_factor",
      "importance": 0.10371181335914476,
      "forest_permutation": 0.00760242013074844,
      "vae_reconstruction": 0.12548291683197021
    },
    {
      "feature": "short_circuit_density",
      "importance": 0.0774883662359912,
      "forest_permutation": 0.003754104784099408,
      "vae_reconstruction": 0.09568071365356445
    },
    {
      "feature": "mean_abs_delta_v",
      "importance": 0.07545033592542369,
      "forest_permutation": 0.007858045246640601,
      "vae_reconstruction": 0.08896152675151825
    },
    {
      "feature": "p95_abs_delta_v",
      "importance": 0.06752149239136723,
      "forest_permutation": 0.008071926454203782,
      "vae_reconstruction": 0.07857317477464676
    },
    {
      "feature": "spectral_entropy",
      "importance": 0.0644198017280727,
      "forest_permutation": 0.0066906562431910364,
      "vae_reconstruction": 0.07597428560256958
    },
    {
      "feature": "short_circuit_ratio",
      "importance": 0.06400314209511569,
      "forest_permutation": 0.0037908918055552803,
      "vae_reconstruction": 0.07833938300609589
    },
    {
      "feature": "ripple",
      "importance": 0.053938108605371037,
      "forest_permutation": 0.009024452007016218,
      "vae_reconstruction": 0.060190144926309586
    },
    {
      "feature": "spectral_centroid_hz",
      "importance": 0.043268168344103096,
      "forest_permutation": 0.00835164767943531,
      "vae_reconstruction": 0.04717104136943817
    },
    {
      "feature": "arc_stability_index",
      "importance": 0.035299986552893764,
      "forest_permutation": 0.010610428083922478,
      "vae_reconstruction": 0.034687310457229614
    },
    {
      "feature": "variance_v",
      "importance": 0.033340771194562635,
      "forest_permutation": 0.009132362978112684,
      "vae_reconstruction": 0.03365126624703407
    },
    {
      "feature": "std_v",
      "importance": 0.03241123407402338,
      "forest_permutation": 0.008454082184583237,
      "vae_reconstruction": 0.03313674405217171
    },
    {
      "feature": "mean_v",
      "importance": 0.021921879987877008,
      "forest_permutation": 0.005715677597668088,
      "vae_reconstruction": 0.022414973005652428
    },
    {
      "feature": "rms_v",
      "importance": 0.02015640151229323,
      "forest_permutation": 0.005690999398987985,
      "vae_reconstruction": 0.020174149423837662
    },
    {
      "feature": "energy",
      "importance": 0.01847210698882041,
      "forest_permutation": 0.007269514115760713,
      "vae_reconstruction": 0.016434310004115105
    }
  ],
  "critical_threshold": 0.6089064802195833,
  "threshold_calibration": {
    "normal_threshold": 0.2574061275304218,
    "watch_threshold": 0.343421187464826,
    "warning_threshold": 0.5461051826981461,
    "critical_threshold": 0.6089064802195833,
    "rationale": "Bands are calibrated from healthy anomaly-score percentiles: p90, p95, p99, and p99.5."
  }
}