{
  "windows": {
    "healthy": 10424,
    "anomalous": 4576,
    "unknown": 0
  },
  "false_positive_rate_at_watch": 0.050077,
  "false_positive_rate_at_warning": 0.010073,
  "detection_rate_at_watch": 0.040865,
  "detection_rate_at_warning": 0.007649,
  "false_negative_rate_at_watch": 0.959135,
  "score_summary": {
    "healthy": {
      "mean": 0.13168421923721832,
      "std": 0.10466077467207867,
      "p50": 0.1019107682175936,
      "p95": 0.343421187464826,
      "p99": 0.5461051826981461
    },
    "anomalous": {
      "mean": 0.13059104350947318,
      "std": 0.09796885606607399,
      "p50": 0.10462569414651401,
      "p95": 0.3188903845491565,
      "p99": 0.5023096714633567
    }
  },
  "vae_validation": {
    "reconstruction_error": {
      "healthy": {
        "mean": 0.14368067633539133,
        "std": 2.9148044856921635,
        "p50": 0.032387735322117805,
        "p95": 0.27085479348897973,
        "p99": 0.6953527587652208
      },
      "anomalous": {
        "mean": 0.12559444568543476,
        "std": 2.2202664440036006,
        "p50": 0.031650472432374954,
        "p95": 0.2465381994843483,
        "p99": 0.5892923772335052
      }
    },
    "latent_distance": {
      "healthy": {
        "mean": 0.7785133664679934,
        "std": 0.6528193881783744,
        "p50": 0.6375389397144318,
        "p95": 1.79476392865181,
        "p99": 3.4090423321723997
      },
      "anomalous": {
        "mean": 0.7102900970518797,
        "std": 0.5264753255218451,
        "p50": 0.615459531545639,
        "p95": 1.3403458297252655,
        "p99": 2.965386986732483
      }
    },
    "vae_score": {
      "healthy": {
        "mean": 0.05515764981333917,
        "std": 0.12400745045019419,
        "p50": 0.009536356303626424,
        "p95": 0.25688149117903186,
        "p99": 0.6851289623452961
      },
      "anomalous": {
        "mean": 0.04749713036678187,
        "std": 0.10611405617198331,
        "p50": 0.008188845607966216,
        "p95": 0.2250507243954503,
        "p99": 0.5493015450744011
      }
    },
    "vae_reliability_score": 49.23
  },
  "isolation_forest_validation": {
    "healthy": {
      "mean": 0.09196957066792474,
      "std": 0.1911600554629972,
      "p50": 0.0,
      "p95": 0.5879816887737149,
      "p99": 0.8917196183646261
    },
    "anomalous": {
      "mean": 0.07136716568917997,
      "std": 0.16006536780759353,
      "p50": 0.0,
      "p95": 0.4360901827678728,
      "p99": 0.8430621778999916
    },
    "correlation_with_vae": 0.8111444883612872,
    "usefulness": "complementary",
    "note": "Isolation Forest is retained even when highly correlated; removal requires a separate design decision."
  },
  "threshold_analysis": {
    "normal_threshold": 0.2574061275304218,
    "watch_threshold": 0.343421187464826,
    "warning_threshold": 0.5461051826981461,
    "critical_threshold": 0.6089064802195833,
    "rationale": "Bands are calibrated from healthy anomaly-score percentiles: p90, p95, p99, and p99.5."
  }
}